Name,Grade
Marcia,82.4
Kadeem,78.2
Nash,79.3
Noelani,83.2
Noelani,87.4
Neil,88.7
Nelle,80.2
Armando,95.1
Illiana,76.5
Neil,89.7
Daquan,85.2
Nola,75.3
Quinn,80.7
Frances,84.2
Lareina,87.6
Medge,75.8
Kibo,88.2
Libby,100.0
Shelly,84.3
Lane,84.2
Isadora,79.1
Maggy,90.5
Elton,71.0
Lance,90.3
Kyle,82.4
Colin,83.8
Solomon,94.5
Ulla,83.5
Tyler,69.7
Emma,91.1
Isaiah,91.9
Carol,85.0
Georgia,99.0
Doris,93.2
Eric,71.9
Cain,85.3
Ivor,100.0
Devin,98.1
Rebekah,68.9
Cameran,75.4
Norman,76.8
Lenore,74.0
Keelie,81.0
Hilel,95.2
Dolan,64.2
Rhea,95.0
Fulton,71.2
Kiayada,74.9
Aurelia,72.1
Nero,87.8
Aladdin,82.6
Beau,85.1
Octavius,81.3
Allen,89.4
Basil,86.4
Reese,83.5
Tate,67.7
Jonah,89.9
Ingrid,72.6
Tanner,89.1
Oleg,71.3
Piper,61.4
Genevieve,67.3
Lilah,85.9
Illiana,86.0
Warren,76.3
Regan,77.4
Justin,77.5
Isaiah,65.3
Daryl,93.8
Barbara,82.7
Christine,91.9
Iola,88.4
Lars,67.9
Jaden,84.5
Signe,76.7
Deanna,83.2
Quemby,100.0
Shafira,85.3
Ariana,70.9
Hoyt,71.3
Justin,83.5
Phelan,74.9
Honorato,73.3
Hashim,77.9
Porter,90.4
Joan,96.6
Alexa,81.2
Sean,67.7
Lucius,88.0
Sydnee,99.4
Allistair,67.0
Alyssa,93.0
Cody,69.0
Bernard,78.3
Jonah,74.9
Yen,87.9
Cassidy,92.0
Gisela,68.0
Yetta,89.2
Gabriel,91.3
Sage,100.0
Shannon,83.7
Sigourney,82.5
Adrienne,77.3
Chaney,93.6
Fritz,93.2
Clinton,88.4
Lara,95.6
Sophia,100.0
Kaye,94.9
Quinlan,73.3
Xanthus,95.5
Hamilton,96.6
Zeus,88.8
Valentine,92.2
Zahir,92.0
Debra,66.3
Clio,65.3
Cathleen,73.4
Yolanda,94.0
Guinevere,84.2
Keelie,88.4
Bethany,73.1
Salvador,84.2
Violet,62.6
Lewis,92.6
Lunea,91.6
Shaeleigh,92.4
Nathan,79.1
Stella,76.2
Kelly,90.9
Yael,85.2
Zena,80.1
Chaney,89.3
Conan,66.8
Jamalia,77.8
Shana,95.0
Merrill,76.3
Gregory,86.8
Rebecca,82.5
Sheila,97.1
Dane,87.4
Connor,90.7
Baxter,75.1
Jorden,90.2
Hu,84.2
Maite,74.0
Alfreda,71.6
Dexter,68.9
Sawyer,69.4
Maggie,77.3
Hashim,71.8
Darius,86.3
Rosalyn,88.3
Jordan,72.1
Chase,81.1
Jane,93.7
Grant,79.0
Darius,93.3
Arthur,96.9
Hedda,82.3
Farrah,91.3
Bree,83.3
Elton,97.8
Ciaran,100.0
Miranda,80.6
Geraldine,84.9
Callie,71.9
Jelani,94.1
Solomon,91.1
Callie,77.0
Carson,75.4
Joseph,81.8
Britanni,89.7
Raja,82.5
Quail,68.0
Dana,82.7
Evangeline,88.9
Slade,93.1
Latifah,81.0
Beverly,89.7
Solomon,90.3
Nyssa,80.2
Lars,84.3
Halla,80.5
Gay,75.0
Ariana,99.1
Victor,76.4
Jocelyn,72.7
Hoyt,89.9
Mohammad,99.6
Russell,73.4
Chava,91.5
Danielle,64.3
Hector,68.8
Ocean,88.0
Jescie,77.0
Ciara,88.0
Nigel,77.0
Michelle,90.3
Maris,68.2
Jarrod,79.6
Hanna,90.8
Timon,98.0
Ginger,84.6
Nathan,74.3
Madaline,78.2
Dante,87.3
Colette,81.1
Keith,86.0
Channing,65.3
Dexter,75.2
Kermit,90.8
Anthony,61.6
Keaton,72.7
Adam,74.9
TaShya,87.5
Breanna,86.0
Xanthus,88.9
Audrey,90.5
Marshall,86.3
Destiny,91.9
Conan,85.2
Venus,77.0
Naida,70.3
Uriah,100.0
Barry,69.3
Hall,71.9
Harriet,76.1
Christopher,77.9
Regina,94.7
Nicole,80.5
Devin,88.5
Natalie,90.8
Rahim,76.1
Teagan,91.3
Jenette,81.0
Brenna,89.0
Hayley,87.3
Allistair,80.8
Jackson,79.5
Sylvia,73.2
Dante,63.4
Wynne,71.4
Lester,82.0
Sage,77.4
Raja,90.6
Ciara,86.8
Phyllis,100.0
Kennedy,83.0
Shaeleigh,81.7
Rose,100.0
Portia,80.9
Kasper,71.9
Lamar,95.0
Rylee,88.4
Kasimir,75.0
Xyla,87.9
Gavin,77.9
Shellie,84.4
Lydia,78.1
Cain,83.6
Megan,90.4
Noah,84.3
Wynne,76.0
Caldwell,95.3
Keith,84.2
Alma,99.3
Josephine,99.2
Forrest,87.2
Perry,87.5
Cody,75.3
Camden,82.7
Eve,83.7
Leslie,90.3
Declan,76.5
Roth,90.4
Nathan,71.2
Elvis,80.7
Germaine,95.2
Audra,78.5
Lavinia,74.6
Kadeem,73.3
Roth,77.6
Chava,93.0
Mary,74.0
Dylan,74.1
Haley,71.1
Thomas,84.0
Jayme,78.4
Hall,92.2
Amanda,88.5
Ria,76.5
Illiana,69.8
Vanna,76.5
Nathan,77.1
Jane,74.5
Christopher,84.5
Fiona,77.5
Jemima,74.9
Raven,87.0
Quintessa,69.4
Kamal,100.0
Cassandra,79.5
Hayes,74.0
Jana,82.6
Janna,77.0
Britanni,80.7
Hanna,96.6
Honorato,90.1
Jane,72.5
Nita,80.4
Zena,89.0
Cally,84.7
Nissim,94.7
Nicole,94.2
Todd,81.4
Rina,84.2
Price,74.1
Shad,78.7
Lysandra,100.0
Rhiannon,88.9
Jackson,75.3
Leigh,74.5
Thor,100.0
Reese,71.2
Ray,73.2
Tasha,99.2
Yoko,96.5
Curran,72.9
Garrison,81.2
Judith,93.1
Hammett,78.8
Flynn,84.9
Steven,79.3
Lucy,79.6
Orlando,69.3
Micah,83.2
Lunea,92.3
Abbot,58.9
Zia,88.4
Charissa,69.9
Athena,71.3
Fuller,82.0
Shelley,88.1
Hamish,75.6
Jayme,77.1
Isaiah,75.8
Rudyard,77.5
Georgia,87.4
Nehru,93.3
Ciara,73.1
Keelie,99.5
Evan,80.7
Kadeem,100.0
Luke,75.0
Sara,72.4
Rhiannon,82.5
Margaret,94.9
Nomlanga,80.0
Jescie,83.4
Claire,90.4
Madeson,98.0
Prescott,96.3
Kaitlin,66.4
Yardley,79.6
Hasad,95.9
Tana,96.6
Mufutau,99.9
Paul,84.2
Bryar,93.4
Arthur,80.2
Inga,74.1
Steel,87.3
Brianna,82.6
Noah,88.1
Kelsie,93.9
Jacob,87.1
Baker,89.8
Jael,83.7
Norman,88.0
Jacob,100.0
Cynthia,81.0
Elijah,88.4
Isaiah,82.3
Miriam,77.8
Hiroko,90.4
Colton,60.3
Caldwell,79.1
Pandora,70.5
Thomas,89.9
Phelan,98.0
Gabriel,62.0
Kamal,77.6
Holmes,98.7
Preston,66.1
Chester,89.4
Quamar,91.3
Amery,84.2
Vance,65.1
Lee,86.5
Malik,72.3
Dana,67.3
Kelly,80.6
Ryan,81.3
Brett,76.0
Veda,82.5
Ezekiel,81.5
Ulla,81.0
Linda,59.0
Ulysses,66.6
Tana,81.2
Kaye,66.6
Marshall,83.0
Hedley,78.3
Gillian,82.9
Nadine,75.5
Nathan,77.5
Amethyst,80.4
Nigel,90.0
Nigel,77.6
Dara,85.7
Neil,91.4
Mollie,97.2
Yolanda,94.3
Sonia,88.2
Dustin,94.7
Berk,88.1
Scott,77.2
Nicole,76.7
Myra,86.2
Shoshana,87.4
Asher,70.2
Kaden,100.0
Aaron,88.7
Chester,65.3
Quin,92.4
Jared,89.0
September,82.8
Maxwell,81.8
Miranda,63.7
Shaine,90.3
Craig,88.1
Claudia,80.4
Adria,76.8
Alfonso,88.8
Henry,94.6
Zachery,85.5
Barclay,86.9
Audra,85.1
Ila,93.8
Felix,76.5
Roanna,94.2
Audra,74.2
Isaac,81.0
Laura,82.4
Myra,100.0
Iola,81.6
Inez,100.0
Kyra,93.0
Emery,89.0
Sade,61.1
Aline,68.2
Cyrus,81.8
Patrick,85.0
Kuame,83.5
Yvette,89.8
Ronan,68.0
Courtney,88.3
Tate,87.2
Pascale,96.4
Morgan,73.0
Declan,100.0
Dana,88.7
Orlando,84.4
Giselle,65.9
Ryan,60.9
Kylee,90.3
Laith,67.4
Sarah,71.3
Hiroko,95.4
John,86.5
Inez,93.4
Ciaran,62.5
Elvis,85.1
Elton,70.1
Bertha,80.5
Cameron,76.7
Griffin,92.5
Savannah,87.3
Sydnee,75.3
Clarke,77.8
Aileen,85.4
Michael,64.1
Ivana,87.4
Kerry,67.0
Kasimir,68.2
Celeste,73.2
Nyssa,76.1
Jolene,79.3
Bo,82.8
Summer,85.8
Gloria,88.0
Bethany,88.2
Sonia,83.6
Noah,82.6
Travis,85.1
Dai,100.0
Rebekah,81.7
Zorita,93.1
Tara,71.0
Kaitlin,71.0
Preston,67.8
Kirk,77.0
Zeph,88.3
Rahim,92.9
Linus,88.4
Vladimir,70.9
Wang,93.7
Kaseem,67.1
Yetta,77.3
Lacey,87.5
James,71.0
Inga,75.9
Eagan,86.6
Orson,96.6
Noelani,75.4
Chester,60.1
Stuart,64.1
Robert,73.8
Zephania,98.1
Robin,68.0
Kamal,86.3
William,84.0
Merritt,83.1
Orla,75.8
Byron,92.9
Aimee,87.0
Daphne,82.2
Clarke,83.1
Kameko,86.6
Kamal,84.1
Kuame,92.6
Erasmus,87.3
Mufutau,86.0
Daria,87.1
Hamilton,82.0
Belle,85.7
Honorato,77.6
Josephine,89.0
Quentin,77.7
Lars,71.0
Wade,92.6
Faith,99.8
Bruno,76.8
Lacey,57.9
Odette,82.8
Davis,87.7
Wang,76.3
Todd,89.8
Oren,80.8
Sharon,79.0
Kareem,98.6
Unity,86.8
Ella,96.5
Hanna,81.5
Cody,79.2
Latifah,66.7
Aileen,96.5
Brittany,91.5
Marny,69.0
Dieter,67.9
Raja,82.6
Irma,66.2
Gray,87.5
Pamela,61.8
Conan,70.0
Stella,66.1
Xenos,91.4
Justin,92.0
Kareem,81.4
Ali,89.5
Bethany,79.4
Amaya,99.2
Wyatt,74.7
Carol,91.1
Kiona,84.0
Jocelyn,73.4
Shellie,85.3
Talon,98.1
Alana,87.5
Steel,80.7
Elvis,81.1
Silas,94.2
Yasir,73.5
Breanna,82.5
Nasim,83.8
Kaitlin,95.4
Cassidy,76.9
Ebony,90.5
Leila,71.4
Troy,80.3
Buckminster,95.2
Kessie,86.4
Ariel,74.7
Cailin,75.5
Calvin,82.7
Connor,84.9
Libby,65.1
Kiara,100.0
Dante,79.9
Dalton,90.4
Bruce,95.8
Cara,66.1
Carla,95.2
Ali,100.0
Cadman,67.8
Holmes,92.2
Lee,83.7
Virginia,75.0
Gwendolyn,100.0
Althea,79.4
Micah,76.1
Jordan,89.4
Walker,85.4
Lunea,88.7
Odessa,84.3
Risa,98.6
Juliet,94.6
Flavia,66.6
Noble,91.7
Catherine,81.9
Carissa,76.8
Aiko,95.5
Nora,85.5
Armando,76.5
Kendall,81.2
Virginia,81.6
Hashim,66.8
Hedley,78.2
Quamar,80.2
Tatum,71.9
Abraham,73.7
Drake,100.0
Stella,65.5
Lawrence,75.2
Rylee,76.8
Tate,68.6
Gavin,70.4
Blossom,81.1
Carolyn,85.2
Zia,88.2
Fitzgerald,85.9
Bruno,90.4
Silas,85.6
Xantha,74.0
Maxine,77.0
Levi,68.1
Judah,93.8
Tanya,74.6
Camille,100.0
Sarah,75.4
Colton,80.1
Alika,32.0
Ifeoma,79.0
Hakeem,74.7
Reese,75.3
Lance,92.2
Adrienne,73.4
Aretha,83.2
Jeremy,83.4
Ciaran,59.3
Nero,87.6
Tyrone,91.4
Ashton,80.1
Samantha,87.4
Katell,74.0
Callum,80.2
Miriam,80.9
David,75.7
Kalia,84.5
Quon,71.4
Cyrus,80.4
Keane,67.5
Hammett,86.2
Arthur,80.5
Mary,70.6
Patience,87.4
Hadassah,76.3
Sylvester,100.0
Penelope,73.0
Camilla,70.2
Hamish,71.1
Wylie,82.0
Serena,80.4
Tasha,73.0
Gretchen,77.2
Ruth,100.0
Eric,93.2
Steven,60.0
Janna,100.0
Jonas,85.6
Steven,88.7
Pascale,76.5
Dominic,85.2
Mason,84.3
Ifeoma,83.3
Amela,78.6
Eve,71.7
Leilani,89.9
Yoshio,76.5
Jin,78.4
Gay,88.9
Solomon,81.6
Amery,83.3
Hyacinth,81.6
Evan,76.5
Merritt,74.0
Rebekah,84.1
Jesse,73.8
Aaron,86.7
Noble,79.1
Beverly,88.1
Ferdinand,89.5
Regina,84.8
Quamar,97.4
Erasmus,75.2
Garth,76.0
Edward,79.5
Maryam,79.2
Len,83.3
Oscar,88.9
Ferdinand,95.6
Aquila,71.0
Lydia,87.3
Camilla,79.3
Walter,84.9
Dakota,85.3
Stuart,97.6
Timothy,86.7
Allistair,88.0
Wing,80.6
Casey,87.4
Quintessa,74.0
Armando,75.0
Chase,90.8
Malcolm,79.2
Shellie,87.0
Uta,78.2
Lynn,84.5
Teegan,84.0
Cade,98.0
Scott,73.8
Rafael,91.5
Carol,79.7
Sawyer,71.3
Erich,100.0
Iliana,69.3
Minerva,80.2
Anastasia,76.4
Nell,83.1
Rhiannon,72.7
Demetria,98.6
Dolan,82.5
Tanek,74.4
Cameron,87.8
Lila,100.0
Cleo,70.0
Pandora,87.3
Quail,69.1
Abigail,81.5
Kellie,71.5
Dorian,72.5
Lester,82.4
Brody,93.1
Alea,82.2
Simon,74.7
Oscar,90.4
Allen,80.0
Octavius,84.4
Griffith,84.1
Cullen,70.7
Jerome,77.8
Orson,94.4
Adam,68.3
Kathleen,89.1
Josephine,100.0
India,89.0
Samuel,98.2
Len,84.3
Shad,84.4
Kevyn,93.7
Thor,90.1
Clark,76.3
Yetta,87.5
Alexandra,72.1
Magee,76.8
Ezra,88.2
Solomon,81.6
Zenia,86.9
Cade,84.9
Erica,86.4
Constance,71.8
Jamal,100.0
Felix,82.1
Theodore,84.0
Forrest,83.3
Cassidy,75.7
Violet,73.7
Bo,77.0
Malcolm,82.6
Kato,78.6
Acton,70.8
Porter,77.9
Lucy,73.9
Rama,85.7
Abbot,82.3
Colette,73.3
Athena,90.0
Ferris,70.4
Tamara,92.3
Rinah,80.8
Tyler,94.2
Fredericka,88.3
Kevin,100.0
Hayes,76.0
Kevin,96.1
Ciara,69.0
Merrill,80.9
Scott,90.3
Noah,74.8
Nathan,90.3
Gwendolyn,82.7
Lavinia,64.2
Hedley,94.5
Abel,68.2
Addison,76.0
Dora,65.4
Riley,100.0
Naida,90.8
Garth,90.6
Philip,77.4
Alec,70.3
Aretha,82.2
Lysandra,79.2
Kirestin,95.9
Rebekah,79.5
Samson,81.9
Mira,91.8
Branden,84.4
Kasper,73.8
Chester,79.3
Amir,77.6
Elijah,84.6
Adena,80.2
Sandra,97.5
Dennis,76.3
Brenden,89.7
Cadman,86.8
Noel,77.0
Paula,69.2
Coby,79.2
Cally,88.2
Slade,68.0
Beau,75.0
Zane,83.0
Zephr,67.0
Craig,100.0
Tanek,60.5
Jaquelyn,87.1
Lucas,83.8
Courtney,96.1
Marny,76.4
Zelda,89.2
Steven,76.4
Alma,72.8
Cameran,82.4
Caleb,93.3
Conan,86.2
Audrey,69.3
Astra,68.2
Dara,88.4
Sharon,96.3
Paul,97.9
Wendy,88.1
Charles,79.1
Chancellor,91.1
Carter,92.4
Stephanie,100.0
Lesley,94.8
Mufutau,82.9
Talon,71.2
Ignacia,86.1
Seth,100.0
Flavia,77.0
Kenyon,93.1
Inga,93.9
Lyle,89.7
Carson,94.9
Ava,93.0
Wang,77.3
Steven,95.1
Lee,62.3
Latifah,78.6
Gavin,80.1
Indira,72.3
Ori,89.5
Mona,89.5
Brett,92.3
Francesca,79.2
Phyllis,71.9
Dora,80.1
Bo,94.6
Sonia,100.0
Petra,81.2
Karina,88.9
Brielle,95.9
Tamekah,85.4
Kyra,70.8
Nichole,70.4
Joseph,89.2
Cheryl,88.9
Eugenia,68.1
Scarlet,76.5
Daryl,88.0
Ebony,81.6
Harper,67.6
Cadman,84.7
Briar,87.9
Martena,82.2
Elaine,84.9
Chantale,90.5
Dexter,69.9
Aurelia,81.3
William,75.7
Hiram,93.1
Lisandra,97.4
Rogan,83.4
Wendy,69.5
Rose,69.1
Hedy,81.3
Zahir,86.0
Kato,72.6
Vielka,74.5
Russell,78.9
Maggy,91.1
Yvonne,81.4
Ashton,75.8
Preston,89.0
Clio,85.1
Marshall,62.6
Lane,79.9
Laura,69.2
Athena,100.0
Dorian,83.7
Ginger,72.2
Iona,80.3
Arsenio,81.5
Evelyn,81.2
Ainsley,94.4
Hamilton,80.2
Chanda,92.0
Hayley,85.8
Christen,78.5
Dawn,73.2
Summer,99.1
Melissa,93.9
Claire,85.2
Ursula,84.5
Blaze,92.8
Hiram,86.2
Keegan,43.0
Wyatt,72.3
Keegan,66.7
Rudyard,85.7
Daphne,85.1
Imogene,81.3
Ursula,86.7
Fitzgerald,69.6
Dai,85.5
Mari,81.8
Sylvester,78.4
Benjamin,94.2
Drew,88.2
Fleur,84.8
Darius,85.9
Cedric,72.7
Lydia,86.4
Keelie,74.5
Maxwell,85.9
Lysandra,91.7
Iona,79.2
Harriet,89.5
Gretchen,79.4
Hunter,89.9
Lester,100.0
Upton,84.4
Ralph,72.2
Susan,77.7
Hanna,88.8
Xena,79.2
Fulton,96.4
Basil,78.1
Cheyenne,74.6
Sawyer,89.6
William,89.2
Anthony,96.6
Laurel,77.3
Irene,79.4
Thaddeus,98.9
Alfreda,72.1
Alec,88.3
Hoyt,75.8
Dolan,95.3
Blaine,89.6
Caryn,80.8
Tanisha,75.1
Burton,80.3
Noah,81.0
Madaline,92.0
Cassidy,100.0
Cathleen,78.3
Desiree,79.2
Bruno,99.9
Laurel,75.2
Bethany,93.2
Cora,99.9
Giacomo,71.2
Clare,94.2
Steven,85.7
Brianna,86.8
Frances,83.0
Amela,72.1
Libby,84.1
Uma,67.3
Jacob,88.1
Nyssa,64.9
Tate,87.6
Laura,67.6
Kareem,83.1
Dexter,88.8
Kibo,83.2
Madaline,82.5
May,100.0
Shad,86.5
Rana,91.8
Tobias,76.2
Erica,83.0
Bruce,89.7
Bo,75.3
Lucius,80.6
Lee,98.3
Matthew,88.2
Mari,76.1
Plato,76.1
Constance,100.0
Castor,91.1
Solomon,83.3
Calvin,67.6
Linda,82.0
May,79.5
Tobias,73.8
Dexter,88.3
Amos,95.0
Nichole,84.3
Amber,77.8
Bruno,89.8
Isaiah,58.9
Samuel,86.5
Dominic,92.9
Clark,100.0
Destiny,100.0
Giacomo,92.1
Hamish,86.0
Leigh,80.1
Kylan,74.0
Malcolm,62.6
Dai,99.0
Maisie,81.4
Jillian,66.6
Garth,81.1
Charissa,86.2
Morgan,85.2
Tobias,87.1
Phelan,87.4
Keaton,73.9
Victoria,80.4
August,80.2
Laurel,91.0
Cameron,76.5
Nolan,86.6
Dolan,95.8
Zenia,92.0
Mia,65.8
Mona,73.6
Hayley,96.0
Alexandra,98.2
Ria,100.0
Tara,63.4
Hadley,83.5
Mohammad,87.2
Barrett,88.6
Lester,62.7
Myles,100.0
Katelyn,82.1
Vivien,87.9
Nina,92.4
Hillary,75.2
Samson,80.4
Xerxes,70.4
Porter,61.2
Ann,92.3
Bryar,73.3
Thane,76.8
Yoko,84.2
Perry,71.8
Adam,70.1
Clare,74.0
Evangeline,94.3
Eric,90.9
Sloane,96.5
Knox,100.0
Simon,68.8
Gareth,80.8
Linda,86.3
Arsenio,64.0
Debra,74.7
Andrew,77.6
Nasim,72.4
Tiger,85.3
Forrest,65.9
Reese,92.2
Abraham,62.6
Malcolm,99.2
Herman,65.9
Jayme,65.1
Duncan,84.1
Quamar,74.2
Mara,73.0
Brian,97.8
Nerea,90.1
India,80.1
Tara,84.2
Guinevere,92.2
Alexander,82.8
Logan,73.1
Ariana,90.8
Rhea,81.3
Quon,79.2
Sonya,80.3
Reece,76.1
Slade,89.5
Kelly,92.4
Hayes,84.9
Kieran,60.8
Laura,78.4
Chancellor,83.4
Brett,71.4
Abra,80.1
John,77.4
Madonna,85.2
Cedric,91.8
Rudyard,75.4
Gabriel,86.3
Tanek,79.8
Dane,94.9
Whoopi,89.7
Karen,88.7
Addison,81.8
Eliana,74.8
Evan,91.1
Jaquelyn,66.8
Doris,82.5
Acton,79.5
Nyssa,73.1
Phillip,74.6
Edan,74.1
Hanna,91.3
Shad,86.7
Rahim,76.2
Kitra,92.3
Illana,77.5
Linda,83.7
Illiana,93.6
Rogan,89.2
Tucker,74.7
Brock,83.4
Lane,76.0
Ila,79.5
Aristotle,77.3
Todd,69.8
Blythe,100.0
Lunea,74.8
Azalia,91.2
Yael,91.4
Karen,83.5
Valentine,89.7
Brock,82.9
Ray,89.4
Ray,91.8
Hayfa,91.6
Orlando,86.1
Jaden,94.8
Jordan,86.9
Amber,78.0
Xanthus,72.2
Selma,59.4
Fleur,97.3
Carl,95.2
Keegan,66.2
Rudyard,82.7
Lance,70.6
Arthur,76.8
Isaiah,69.9
Justine,72.8
Levi,72.8
Jakeem,78.8
Olivia,60.6
Dylan,64.3
Emerson,76.1
Echo,76.5
Devin,83.4
Georgia,78.4
Darryl,64.3
Leo,75.8
Magee,91.1
Clare,74.1
Chaney,75.8
Kyla,70.9
Leroy,71.2
Marshall,77.8
Logan,81.7
Hamish,65.9
Illiana,84.8
Brenda,73.0
Elmo,78.4
Willa,59.2
Naida,75.9
Sydney,75.7
Brandon,78.6
Malik,87.5
Dai,84.5
Thane,76.9
Clark,66.9
Bevis,94.8
Pascale,89.2
Zorita,80.4
Jerry,78.2
Hyatt,82.3
Perry,81.8
Lance,98.5
Declan,83.2
Geraldine,79.0
Adara,98.5
Whoopi,94.8
Lara,86.0
Rigel,82.1
Raja,89.7
Kiona,84.3
Jade,75.1
Tana,92.1
Luke,88.0
Regan,97.2
Mufutau,75.3
Justina,73.6
Ruby,79.4
Tucker,95.6
Kylan,84.0
Valentine,100.0
Cheyenne,81.8
Cleo,93.9
Tarik,92.5
Sylvester,81.0
Samuel,85.6
Gary,73.9
Whoopi,80.2
Melyssa,71.3
Barclay,66.3
Georgia,75.3
Dara,99.6
Lacy,82.2
Cameron,84.5
Caldwell,91.2
Oliver,91.1
Samuel,90.6
Shana,81.5
Dexter,97.7
Griffith,78.5
Chava,91.6
Oprah,69.7
Brian,69.7
Shannon,78.1
Martin,76.7
Kaitlin,79.5
Linus,73.4
Yoko,83.1
Gregory,88.0
Erica,100.0
Uriah,74.4
Flynn,81.6
Cecilia,68.2
Devin,99.7
Astra,69.5
Cairo,85.9
Riley,79.0
Nero,95.5
Hyatt,87.8
Arthur,81.1
Odette,88.3
Ivory,75.4
Leonard,89.7
Veda,88.5
Lenore,76.4
Ori,77.2
Odette,96.2
Darryl,94.0
Kessie,62.2
Kylie,88.2
Fulton,72.0
Gretchen,99.4
Noah,74.9
Magee,100.0
Caldwell,71.9
Ciaran,73.3
Chase,95.0
Abraham,73.3
Timothy,89.1
Ignacia,100.0
Octavia,78.4
Quinn,100.0
Christian,89.4
Jacob,74.3
Ulla,83.9
Zelenia,97.1
Geraldine,84.5
Morgan,92.3
Morgan,73.0
Vladimir,83.5
Michael,80.0
Olympia,84.2
Richard,85.9
Petra,63.3
Kirestin,88.1
Adam,82.7
Moana,72.3
Vielka,98.0
Indigo,93.1
Autumn,78.1
Jamal,86.9
Kimberley,93.0
Ashton,74.0
Uma,78.5
Haley,97.7
Regan,81.1
Gannon,99.6
Gray,100.0
Inez,93.0
Chester,64.2
Jin,77.0
Brooke,79.0
Keefe,77.7
Harrison,95.8
Ferris,78.4
Olympia,89.4
Jane,82.4
Colin,71.7
Calvin,82.5
Kermit,89.0
Dolan,100.0
Kendall,99.5
Isadora,95.2
Kathleen,79.5
Amanda,75.7
Quinn,78.7
Howard,100.0
Merrill,68.1
Mollie,91.3
Allistair,77.1
Claire,67.1
Ulla,84.7
Ocean,79.3
Anthony,74.2
Mason,100.0
Cooper,95.6
Pandora,88.4
George,75.0
Kermit,68.6
Harlan,85.1
Mariko,91.1
Rafael,71.2
Xavier,79.4
Dorothy,77.7
Camden,88.1
Gil,83.8
Ryan,88.1
Mikayla,67.3
Beatrice,61.1
Halla,100.0
Ingrid,72.1
Celeste,88.6
Shelly,74.8
Susan,76.4
Aurelia,72.2
Ivy,83.1
Wesley,86.6
Armand,95.5
Hamish,71.2
Sloane,76.4
Denise,71.7
Maxwell,77.9
Elmo,74.8
Isabelle,67.9
Cassidy,98.5
Addison,91.1
Clayton,84.1
Dillon,80.6
Garth,80.3
Vanna,77.3
Octavia,81.0
Melvin,95.9
Harriet,100.0
Kendall,87.2
Yoshio,94.7
Gregory,77.5
Wylie,88.2
Shaine,100.0
Sonya,85.1
Lacy,76.5
Amanda,78.6
Perry,86.0
Melanie,81.5
Lev,77.2
Vladimir,83.0
Blossom,72.7
Neville,90.8
Acton,67.0
Mariko,77.0
Rafael,75.3
Levi,63.0
Declan,89.7
Raven,86.1
Barbara,88.7
Sierra,65.7
Teegan,81.5
Dolan,84.1
Idola,70.0
Zorita,85.0
Beck,80.1
Gillian,63.4
Iona,77.5
Zachery,72.2
Kiona,85.8
Scott,89.2
Vivian,86.5
Jermaine,99.1
Graiden,66.6
Keegan,86.3
Cedric,98.8
Mechelle,72.0
Jackson,82.4
Linus,91.3
Zenaida,87.4
Larissa,79.7
Lilah,93.5
Chastity,83.6
Dustin,90.6
Juliet,85.5
Daphne,89.7
Orli,68.0
Gisela,89.1
Macey,94.7
Jeremy,92.3
Duncan,91.8
Tamara,74.2
Hannah,79.8
Alan,76.4
Calvin,77.6
Merritt,68.4
Lysandra,81.3
Ora,75.4
September,100.0
Damian,71.3
Mercedes,82.4
Mara,85.0
Tucker,83.9
Dominic,75.5
Karen,77.4
Fletcher,71.6
Valentine,89.1
Larissa,82.7
Sacha,78.5
Oliver,86.4
Leonard,79.7
Jenna,56.3
Emily,89.4
Marny,86.8
Hanae,83.7
Sharon,87.8
Erin,98.5
Joel,93.0
Emmanuel,86.1
Damon,88.5
Erasmus,73.4
Sierra,95.8
Kennan,80.6
Timothy,96.7
Ferris,74.2
Owen,81.8
Buffy,79.9
Malachi,88.3
David,76.8
Jermaine,60.5
Lisandra,80.9
Colin,63.8
Zane,70.3
Aiko,83.1
Akeem,89.9
Jaden,88.2
Brody,76.4
Velma,74.9
Wayne,88.8
Levi,72.0
Jack,92.0
Carter,84.2
Randall,87.8
Kaitlin,74.3
Zachary,80.6
Ahmed,80.0
Lunea,87.5
Roanna,81.6
Laurel,72.1
Audrey,88.3
Grant,95.5
Idona,90.2
Harlan,96.5
Indira,80.3
Ali,72.7
Hedy,79.2
Isadora,75.0
Noah,91.2
Nathaniel,71.8
Chaney,87.9
Angela,66.0
Shea,92.9
Asher,100.0
Kirsten,78.0
Mason,74.1
Leonard,69.9
Riley,70.8
Shoshana,82.5
Megan,74.2
Velma,85.3
Taylor,94.1
Harding,66.2
Brenna,71.4
Lucas,87.8
Vladimir,71.8
Casey,80.4
Quon,69.2
Baxter,76.4
Tiger,98.2
Maia,87.3
Maia,78.4
Malachi,78.9
Clementine,90.3
Zephr,97.3
Gay,88.7
Leila,72.9
David,91.3
Travis,86.1
Kevin,74.1
Bryar,80.8
Linda,61.7
Akeem,85.1
Leandra,67.1
Flavia,71.1
Allegra,80.9
Geoffrey,82.5
Wyoming,87.0
Ulric,81.9
Adara,68.2
MacKenzie,77.4
Brenden,82.2
Lewis,86.6
Renee,68.4
Burke,65.8
Kirby,97.3
Katelyn,77.0
Jaime,77.9
Dillon,60.3
Harper,85.6
Alden,80.5
Jane,95.0
Gray,76.0
Colt,94.1
Matthew,85.7
Abra,71.7
Xander,68.6
Brody,93.8
Phillip,87.9
Barbara,93.7
Petra,92.5
Blaze,85.7
Dylan,90.0
Clio,100.0
Wynne,95.1
Shelly,74.0
Macon,88.2
Rae,89.8
Isaiah,82.3
Garrett,78.1
Carson,96.4
Warren,82.3
Yolanda,71.1
Callum,76.9
Lydia,83.0
Galena,92.1
Marshall,78.8
Sasha,73.9
Tanner,97.9
Gisela,92.8
Howard,97.1
Kenneth,86.1
Halee,93.8
Avye,84.4
Tanisha,75.3
Dora,89.9
Freya,89.4
Cassady,100.0
Cullen,84.3
Kim,90.2
Warren,79.5
Alan,87.3
Blossom,100.0
Velma,76.4
Kaitlin,86.4
Griffin,83.0
Constance,75.3
Colorado,100.0
Nolan,71.5
Hadassah,79.2
Fitzgerald,80.4
Madeline,80.3
Nicholas,85.2
Marvin,72.8
Keiko,69.5
Gray,71.2
Odessa,76.7
Igor,100.0
Denise,100.0
Rhona,90.3
Desiree,98.1
Xavier,66.0
Ivor,68.9
Elvis,82.5
Lester,83.9
Rashad,84.5
Rhoda,72.8
Honorato,100.0
Anjolie,80.8
Alvin,83.7
Garrison,87.2
Hunter,95.2
Shafira,85.5
Avram,100.0
Macey,84.0
Penelope,83.1
Kane,70.6
Alvin,91.5
Tanner,80.7
Kelsie,83.7
Cheyenne,61.3
Hermione,79.9
Hanae,83.1
Vladimir,84.1
Plato,71.8
Ariana,78.1
Nevada,81.3
Carter,71.4
Clayton,100.0
Gabriel,94.4
Aurora,81.0
Pandora,90.3
Jocelyn,86.9
Amos,69.3
May,77.3
Cara,81.3
Dolan,86.0
Felix,89.7
Abbot,81.0
Flavia,82.5
Inez,60.9
Nigel,77.3
Ross,71.1
Virginia,92.0
Gloria,88.4
Lyle,81.9
Oscar,79.2
Chandler,81.9
Karen,71.8
Demetria,77.2
Karly,89.3
Lucius,93.1
Shafira,98.1
Sonia,83.1
Rhona,78.7
Timothy,64.0
Colin,86.0
Katelyn,82.6
Jorden,87.6
Josiah,83.6
Yuri,60.8
Carolyn,72.5
Raja,98.6
Brenden,72.8
Hector,88.2
Wang,79.1
Nita,92.1
Gay,100.0
Kelsie,73.8
Lysandra,92.2
Brynn,75.0
Harrison,91.5
Carol,100.0
Leonard,95.6
Hyatt,89.1
Kirk,77.0
Lee,99.7
Adam,88.2
Henry,75.7
Hop,68.3
Dolan,76.9
Naomi,100.0
Marcia,79.4
Xenos,85.5
Oscar,90.3
Miriam,95.0
Chiquita,74.6
Chadwick,90.3
Warren,62.6
Griffin,73.2
Keegan,70.7
Skyler,66.3
Maggy,85.1
Leandra,89.5
Unity,91.6
Mufutau,66.0
Jaden,61.2
Raya,83.1
Montana,88.9
Astra,75.3
Chandler,87.5
Galena,72.1
Darrel,91.5
Ali,76.9
Colorado,76.2
Gannon,93.3
Omar,66.6
Hoyt,90.2
Cameron,79.3
Uta,83.9
Gavin,87.9
Kay,83.5
Joan,89.8
Mercedes,79.0
Brynn,87.5
Justina,90.2
Camden,88.2
Angela,73.3
Leandra,94.4
William,64.2
Odette,68.2
Ava,75.0
Xavier,69.0
Amethyst,66.1
Ulric,80.9
Brandon,83.1
Dolan,72.3
Aspen,96.8
Signe,71.8
Lunea,85.3
Alvin,90.1
Herman,88.4
Keane,97.3
Peter,83.2
Neil,79.1
Cairo,88.0
Caryn,83.5
Aspen,77.2
Josiah,86.1
Gareth,83.0
Germaine,85.3
Lev,71.8
Jackson,91.2
Martin,77.0
Drake,96.0
Armando,97.5
Clark,89.2
Wanda,84.7
Shay,77.7
Quentin,85.5
Karleigh,97.3
Xaviera,92.5
Clayton,86.9
Oprah,78.7
Katelyn,74.0
Amal,66.3
Akeem,76.2
Aubrey,87.1
Candice,68.9
Colby,82.8
Cooper,80.1
Whoopi,76.1
Mona,78.8
Jocelyn,61.1
Reece,83.5
Vera,83.6
Caleb,76.8
Buckminster,79.6
Dexter,72.0
Gage,77.7
Kendall,85.7
Charles,74.3
Brynn,64.7
Alec,90.1
Rogan,71.9
Hashim,79.9
Quintessa,73.5
Odette,85.0
Xander,71.0
Jenna,81.7
Kylan,81.7
Dahlia,82.3
Phillip,100.0
Maxwell,100.0
Louis,100.0
Sophia,82.0
Vera,100.0
Ann,93.1
Calista,91.5
Len,90.1
Bo,79.9
Wilma,80.7
Yael,100.0
Salvador,99.9
Roary,85.4
Christen,73.9
Graham,99.3
Judah,95.2
Geoffrey,86.6
Slade,83.2
Danielle,89.0
Murphy,100.0
Kareem,82.5
Henry,78.4
Keely,84.3
Honorato,93.9
Chaim,77.1
Todd,88.7
Tara,77.1
India,85.5
Alfreda,76.8
Paki,90.6
Harper,73.3
Charles,87.3
Michelle,95.1
Porter,81.0
Clayton,86.4
Inez,74.3
Levi,55.9
Lyle,88.8
Mariko,69.5
James,82.7
Tatum,91.1
Lyle,76.6
Isabella,92.5
Gage,77.2
Graham,88.2
Helen,94.5
Chanda,64.9
Karly,86.6
Fitzgerald,59.8
Jayme,90.7
Angela,81.5
Dana,93.7
Ifeoma,75.1
Cairo,87.2
Fitzgerald,93.4
Carlos,92.4
Macy,84.1
Halla,68.4
Illiana,82.0
Juliet,100.0
Tamekah,70.9
Lucian,64.9
Isaac,80.9
Hakeem,90.6
Basil,84.1
Nora,98.9
Malik,86.8
Abbot,87.5
Tanek,89.5
Phyllis,92.4
Vance,91.5
Sandra,86.4
Carol,87.3
Zenaida,95.6
Ezekiel,62.8
Reece,84.6
Gail,56.1
Neil,94.9
Piper,73.4
Maxwell,68.7
Iris,79.2
Zoe,83.7
Kevin,60.1
Orson,85.1
Lionel,84.9
Mari,97.5
Stewart,80.7
Levi,85.5
Phelan,100.0
Jeanette,85.0
Xanthus,59.8
Keelie,84.2
Lillith,92.4
Sandra,71.9
Jarrod,76.1
Yolanda,80.3
Felix,87.3
Luke,70.1
Rana,88.5
Adena,100.0
Bert,84.9
Jada,74.6
Orla,91.3
Hayden,83.5
Demetria,92.5
Castor,82.7
Alisa,80.3
Maxine,87.4
Wilma,67.0
Kirk,83.7
Nadine,70.1
Brianna,100.0
Thane,82.4
Yvette,72.8
Ezekiel,74.5
Armando,93.8
Kaseem,97.1
Lydia,71.7
Tatum,75.0
Erin,71.4
Beatrice,82.5
Carlos,98.7
Neve,79.8
Aileen,91.4
Craig,66.4
Chelsea,91.4
Emerald,78.4
Nero,88.3
August,87.2
Colleen,70.2
Zenaida,91.3
Lavinia,62.2
Stone,87.4
Aurora,90.3
Carlos,82.2
Randall,83.1
Armando,93.2
Haley,90.4
Fritz,79.5
Allistair,74.2
Ella,68.0
Felix,75.2
Dean,74.5
Quinlan,85.6
Kiara,82.7
Kai,100.0
Maxine,91.9
Leah,100.0
Kalia,61.4
Anthony,93.1
Joshua,72.7
Akeem,74.4
Indigo,91.3
Price,78.6
Quinn,78.0
John,91.2
Adena,70.2
Craig,64.9
Isabelle,78.5
Risa,74.3
Emerson,67.5
Cody,80.1
Geraldine,100.0
Mercedes,84.9
Lucius,69.1
Linus,79.6
